{"text": " Mas uma pequena mudan\u00e7a, em jogos, l\u00e1 nos cartes, deve ter um pequeno bot\u00e3o, escrito repol, para a gente poder ir direto pro repositorio do mini-gain. Para a pessoa poder enxergar e ver o repositorio, poder apertar no ir direto l\u00e1 pro Github. Entendeu?", "segments": [{"id": 0, "seek": 0, "start": 0.0, "end": 8.0, "text": " Mas uma pequena mudan\u00e7a, em jogos, l\u00e1 nos cartes, deve ter um pequeno bot\u00e3o, escrito repol,", "tokens": [50364, 5224, 2772, 26758, 4118, 8933, 22930, 11, 846, 39307, 11, 7453, 3269, 5467, 279, 11, 17761, 1796, 1105, 26758, 5808, 10592, 1076, 11, 49451, 1085, 401, 11, 50764], "temperature": 0.0, "avg_logprob": -0.38953288765840755, "compression_ratio": 1.4797687861271676, "no_speech_prob": 0.013749207369983196}, {"id": 1, "seek": 0, "start": 8.0, "end": 12.0, "text": " para a gente poder ir direto pro repositorio do mini-gain.", "tokens": [50764, 1690, 257, 3788, 8152, 3418, 1264, 1353, 447, 1085, 329, 3029, 1004, 360, 8382, 12, 70, 491, 13, 50964], "temperature": 0.0, "avg_logprob": -0.38953288765840755, "compression_ratio": 1.4797687861271676, "no_speech_prob": 0.013749207369983196}, {"id": 2, "seek": 0, "start": 12.0, "end": 21.0, "text": " Para a pessoa poder enxergar e ver o repositorio, poder apertar no ir direto l\u00e1 pro Github.", "tokens": [50964, 11107, 257, 16366, 8152, 465, 87, 260, 2976, 308, 1306, 277, 1085, 329, 3029, 1004, 11, 8152, 22939, 289, 572, 3418, 1264, 1353, 7453, 447, 460, 355, 836, 13, 51414], "temperature": 0.0, "avg_logprob": -0.38953288765840755, "compression_ratio": 1.4797687861271676, "no_speech_prob": 0.013749207369983196}, {"id": 3, "seek": 0, "start": 21.0, "end": 22.0, "text": " Entendeu?", "tokens": [51414, 3951, 36202, 30, 51464], "temperature": 0.0, "avg_logprob": -0.38953288765840755, "compression_ratio": 1.4797687861271676, "no_speech_prob": 0.013749207369983196}], "language": "pt"}