{"text": " Beleza, voc\u00ea postou l\u00e1, mas eu quero que voc\u00ea evite que isso aconte\u00e7a de novo. Ent\u00e3o voc\u00ea tem que arrumar alguma coisa a\u00ed para isso, voc\u00ea evitata, porque voc\u00ea s\u00f3 manda o prolato. Voc\u00ea n\u00e3o evitou o problema.", "segments": [{"id": 0, "seek": 0, "start": 0.0, "end": 4.74, "text": " Beleza, voc\u00ea postou l\u00e1, mas eu quero que voc\u00ea evite que isso aconte\u00e7a de novo.", "tokens": [50364, 879, 306, 2394, 11, 2723, 2183, 263, 7453, 11, 2300, 2228, 18738, 631, 2723, 1073, 642, 631, 4616, 14888, 5297, 368, 18246, 13, 50601], "temperature": 0.0, "avg_logprob": -0.46215978769155647, "compression_ratio": 1.4064516129032258, "no_speech_prob": 0.006616340950131416}, {"id": 1, "seek": 0, "start": 4.74, "end": 8.98, "text": " Ent\u00e3o voc\u00ea tem que arrumar alguma coisa a\u00ed para isso, voc\u00ea evitata, porque voc\u00ea s\u00f3 manda o prolato.", "tokens": [50601, 6469, 2723, 1383, 631, 5539, 449, 289, 20259, 9614, 7461, 1690, 4616, 11, 2723, 1073, 270, 3274, 11, 4021, 2723, 6238, 7411, 64, 277, 24398, 2513, 13, 50813], "temperature": 0.0, "avg_logprob": -0.46215978769155647, "compression_ratio": 1.4064516129032258, "no_speech_prob": 0.006616340950131416}, {"id": 2, "seek": 0, "start": 8.98, "end": 10.48, "text": " Voc\u00ea n\u00e3o evitou o problema.", "tokens": [50813, 9781, 2431, 1073, 270, 263, 277, 12395, 13, 50888], "temperature": 0.0, "avg_logprob": -0.46215978769155647, "compression_ratio": 1.4064516129032258, "no_speech_prob": 0.006616340950131416}], "language": "pt"}