{"text": " Eu fiquei perdido, essas altera\u00e7\u00f5es melhores foram aonde, de dar um resumo a\u00ed", "segments": [{"id": 0, "seek": 0, "start": 0.0, "end": 5.28, "text": " Eu fiquei perdido, essas altera\u00e7\u00f5es melhores foram aonde, de dar um resumo a\u00ed", "tokens": [50364, 2186, 49647, 12611, 2925, 11, 19277, 11337, 17971, 13714, 279, 23102, 257, 7259, 11, 368, 4072, 1105, 725, 40904, 7461, 50628], "temperature": 0.0, "avg_logprob": -0.6060633866683297, "compression_ratio": 1.0, "no_speech_prob": 0.010014054365456104}], "language": "pt"}